PRAGMA foreign_keys=OFF;
BEGIN TRANSACTION;
CREATE TABLE IF NOT EXISTS "django_migrations" ("id" integer NOT NULL PRIMARY KEY AUTOINCREMENT, "app" varchar(255) NOT NULL, "name" varchar(255) NOT NULL, "applied" datetime NOT NULL);
INSERT INTO django_migrations VALUES(1,'contenttypes','0001_initial','2020-11-08 06:29:33.271172');
INSERT INTO django_migrations VALUES(2,'contenttypes','0002_remove_content_type_name','2020-11-08 06:29:33.279465');
INSERT INTO django_migrations VALUES(3,'auth','0001_initial','2020-11-08 06:29:33.300165');
INSERT INTO django_migrations VALUES(4,'auth','0002_alter_permission_name_max_length','2020-11-08 06:29:33.307377');
INSERT INTO django_migrations VALUES(5,'auth','0003_alter_user_email_max_length','2020-11-08 06:29:33.312170');
INSERT INTO django_migrations VALUES(6,'auth','0004_alter_user_username_opts','2020-11-08 06:29:33.316856');
INSERT INTO django_migrations VALUES(7,'auth','0005_alter_user_last_login_null','2020-11-08 06:29:33.321310');
INSERT INTO django_migrations VALUES(8,'auth','0006_require_contenttypes_0002','2020-11-08 06:29:33.322754');
INSERT INTO django_migrations VALUES(9,'auth','0007_alter_validators_add_error_messages','2020-11-08 06:29:33.327323');
INSERT INTO django_migrations VALUES(10,'auth','0008_alter_user_username_max_length','2020-11-08 06:29:33.332016');
INSERT INTO django_migrations VALUES(11,'auth','0009_alter_user_last_name_max_length','2020-11-08 06:29:33.336738');
INSERT INTO django_migrations VALUES(12,'auth','0010_alter_group_name_max_length','2020-11-08 06:29:33.345511');
INSERT INTO django_migrations VALUES(13,'auth','0011_update_proxy_permissions','2020-11-08 06:29:33.352759');
INSERT INTO django_migrations VALUES(14,'users','0001_initial','2020-11-08 06:29:33.359943');
INSERT INTO django_migrations VALUES(15,'admin','0001_initial','2020-11-08 06:29:33.370681');
INSERT INTO django_migrations VALUES(16,'admin','0002_logentry_remove_auto_add','2020-11-08 06:29:33.379739');
INSERT INTO django_migrations VALUES(17,'admin','0003_logentry_add_action_flag_choices','2020-11-08 06:29:33.388376');
INSERT INTO django_migrations VALUES(18,'sessions','0001_initial','2020-11-08 06:29:33.391877');
INSERT INTO django_migrations VALUES(19,'app','0001_initial','2020-11-08 21:43:03.426240');
INSERT INTO django_migrations VALUES(20,'users','0002_auto_20201109_0740','2020-11-08 22:41:04.724373');
INSERT INTO django_migrations VALUES(21,'users','0003_auto_20201111_0847','2020-11-10 23:47:38.873499');
INSERT INTO django_migrations VALUES(22,'default','0001_initial','2020-12-01 22:42:22.341175');
INSERT INTO django_migrations VALUES(23,'social_auth','0001_initial','2020-12-01 22:42:22.342022');
INSERT INTO django_migrations VALUES(24,'default','0002_add_related_name','2020-12-01 22:42:22.354949');
INSERT INTO django_migrations VALUES(25,'social_auth','0002_add_related_name','2020-12-01 22:42:22.355392');
INSERT INTO django_migrations VALUES(26,'default','0003_alter_email_max_length','2020-12-01 22:42:22.361758');
INSERT INTO django_migrations VALUES(27,'social_auth','0003_alter_email_max_length','2020-12-01 22:42:22.362190');
INSERT INTO django_migrations VALUES(28,'default','0004_auto_20160423_0400','2020-12-01 22:42:22.374366');
INSERT INTO django_migrations VALUES(29,'social_auth','0004_auto_20160423_0400','2020-12-01 22:42:22.374777');
INSERT INTO django_migrations VALUES(30,'social_auth','0005_auto_20160727_2333','2020-12-01 22:42:22.378287');
INSERT INTO django_migrations VALUES(31,'social_django','0006_partial','2020-12-01 22:42:22.381862');
INSERT INTO django_migrations VALUES(32,'social_django','0007_code_timestamp','2020-12-01 22:42:22.388324');
INSERT INTO django_migrations VALUES(33,'social_django','0008_partial_timestamp','2020-12-01 22:42:22.394458');
INSERT INTO django_migrations VALUES(34,'social_django','0009_auto_20191118_0520','2020-12-01 22:42:22.419268');
INSERT INTO django_migrations VALUES(35,'social_django','0010_uid_db_index','2020-12-01 22:42:22.431913');
INSERT INTO django_migrations VALUES(36,'social_django','0002_add_related_name','2020-12-01 22:42:22.434231');
INSERT INTO django_migrations VALUES(37,'social_django','0004_auto_20160423_0400','2020-12-01 22:42:22.435498');
INSERT INTO django_migrations VALUES(38,'social_django','0005_auto_20160727_2333','2020-12-01 22:42:22.436505');
INSERT INTO django_migrations VALUES(39,'social_django','0003_alter_email_max_length','2020-12-01 22:42:22.437450');
INSERT INTO django_migrations VALUES(40,'social_django','0001_initial','2020-12-01 22:42:22.438401');
INSERT INTO django_migrations VALUES(41,'auth','0012_alter_user_first_name_max_length','2020-12-05 05:24:34.201455');
INSERT INTO django_migrations VALUES(42,'users','0004_auto_20201205_1424','2020-12-05 05:24:34.219995');
INSERT INTO django_migrations VALUES(43,'app','0002_auto_20201217_2147','2020-12-17 12:47:13.284060');
INSERT INTO django_migrations VALUES(44,'users','0005_auto_20201217_2147','2020-12-17 12:47:13.307647');
CREATE TABLE IF NOT EXISTS "django_content_type" ("id" integer NOT NULL PRIMARY KEY AUTOINCREMENT, "app_label" varchar(100) NOT NULL, "model" varchar(100) NOT NULL);
INSERT INTO django_content_type VALUES(1,'admin','logentry');
INSERT INTO django_content_type VALUES(2,'auth','permission');
INSERT INTO django_content_type VALUES(3,'auth','group');
INSERT INTO django_content_type VALUES(4,'contenttypes','contenttype');
INSERT INTO django_content_type VALUES(5,'sessions','session');
INSERT INTO django_content_type VALUES(6,'users','user');
INSERT INTO django_content_type VALUES(7,'app','sale');
INSERT INTO django_content_type VALUES(8,'app','product');
INSERT INTO django_content_type VALUES(9,'social_django','association');
INSERT INTO django_content_type VALUES(10,'social_django','code');
INSERT INTO django_content_type VALUES(11,'social_django','nonce');
INSERT INTO django_content_type VALUES(12,'social_django','usersocialauth');
INSERT INTO django_content_type VALUES(13,'social_django','partial');
CREATE TABLE IF NOT EXISTS "auth_group_permissions" ("id" integer NOT NULL PRIMARY KEY AUTOINCREMENT, "group_id" integer NOT NULL REFERENCES "auth_group" ("id") DEFERRABLE INITIALLY DEFERRED, "permission_id" integer NOT NULL REFERENCES "auth_permission" ("id") DEFERRABLE INITIALLY DEFERRED);
CREATE TABLE IF NOT EXISTS "auth_permission" ("id" integer NOT NULL PRIMARY KEY AUTOINCREMENT, "content_type_id" integer NOT NULL REFERENCES "django_content_type" ("id") DEFERRABLE INITIALLY DEFERRED, "codename" varchar(100) NOT NULL, "name" varchar(255) NOT NULL);
INSERT INTO auth_permission VALUES(1,1,'add_logentry','Can add log entry');
INSERT INTO auth_permission VALUES(2,1,'change_logentry','Can change log entry');
INSERT INTO auth_permission VALUES(3,1,'delete_logentry','Can delete log entry');
INSERT INTO auth_permission VALUES(4,1,'view_logentry','Can view log entry');
INSERT INTO auth_permission VALUES(5,2,'add_permission','Can add permission');
INSERT INTO auth_permission VALUES(6,2,'change_permission','Can change permission');
INSERT INTO auth_permission VALUES(7,2,'delete_permission','Can delete permission');
INSERT INTO auth_permission VALUES(8,2,'view_permission','Can view permission');
INSERT INTO auth_permission VALUES(9,3,'add_group','Can add group');
INSERT INTO auth_permission VALUES(10,3,'change_group','Can change group');
INSERT INTO auth_permission VALUES(11,3,'delete_group','Can delete group');
INSERT INTO auth_permission VALUES(12,3,'view_group','Can view group');
INSERT INTO auth_permission VALUES(13,4,'add_contenttype','Can add content type');
INSERT INTO auth_permission VALUES(14,4,'change_contenttype','Can change content type');
INSERT INTO auth_permission VALUES(15,4,'delete_contenttype','Can delete content type');
INSERT INTO auth_permission VALUES(16,4,'view_contenttype','Can view content type');
INSERT INTO auth_permission VALUES(17,5,'add_session','Can add session');
INSERT INTO auth_permission VALUES(18,5,'change_session','Can change session');
INSERT INTO auth_permission VALUES(19,5,'delete_session','Can delete session');
INSERT INTO auth_permission VALUES(20,5,'view_session','Can view session');
INSERT INTO auth_permission VALUES(21,6,'add_user','Can add user');
INSERT INTO auth_permission VALUES(22,6,'change_user','Can change user');
INSERT INTO auth_permission VALUES(23,6,'delete_user','Can delete user');
INSERT INTO auth_permission VALUES(24,6,'view_user','Can view user');
INSERT INTO auth_permission VALUES(25,7,'add_sale','Can add sale');
INSERT INTO auth_permission VALUES(26,7,'change_sale','Can change sale');
INSERT INTO auth_permission VALUES(27,7,'delete_sale','Can delete sale');
INSERT INTO auth_permission VALUES(28,7,'view_sale','Can view sale');
INSERT INTO auth_permission VALUES(29,8,'add_product','Can add product');
INSERT INTO auth_permission VALUES(30,8,'change_product','Can change product');
INSERT INTO auth_permission VALUES(31,8,'delete_product','Can delete product');
INSERT INTO auth_permission VALUES(32,8,'view_product','Can view product');
INSERT INTO auth_permission VALUES(33,9,'add_association','Can add association');
INSERT INTO auth_permission VALUES(34,9,'change_association','Can change association');
INSERT INTO auth_permission VALUES(35,9,'delete_association','Can delete association');
INSERT INTO auth_permission VALUES(36,9,'view_association','Can view association');
INSERT INTO auth_permission VALUES(37,10,'add_code','Can add code');
INSERT INTO auth_permission VALUES(38,10,'change_code','Can change code');
INSERT INTO auth_permission VALUES(39,10,'delete_code','Can delete code');
INSERT INTO auth_permission VALUES(40,10,'view_code','Can view code');
INSERT INTO auth_permission VALUES(41,11,'add_nonce','Can add nonce');
INSERT INTO auth_permission VALUES(42,11,'change_nonce','Can change nonce');
INSERT INTO auth_permission VALUES(43,11,'delete_nonce','Can delete nonce');
INSERT INTO auth_permission VALUES(44,11,'view_nonce','Can view nonce');
INSERT INTO auth_permission VALUES(45,12,'add_usersocialauth','Can add user social auth');
INSERT INTO auth_permission VALUES(46,12,'change_usersocialauth','Can change user social auth');
INSERT INTO auth_permission VALUES(47,12,'delete_usersocialauth','Can delete user social auth');
INSERT INTO auth_permission VALUES(48,12,'view_usersocialauth','Can view user social auth');
INSERT INTO auth_permission VALUES(49,13,'add_partial','Can add partial');
INSERT INTO auth_permission VALUES(50,13,'change_partial','Can change partial');
INSERT INTO auth_permission VALUES(51,13,'delete_partial','Can delete partial');
INSERT INTO auth_permission VALUES(52,13,'view_partial','Can view partial');
CREATE TABLE IF NOT EXISTS "auth_group" ("id" integer NOT NULL PRIMARY KEY AUTOINCREMENT, "name" varchar(150) NOT NULL UNIQUE);
CREATE TABLE IF NOT EXISTS "users_user_groups" ("id" integer NOT NULL PRIMARY KEY AUTOINCREMENT, "user_id" integer NOT NULL REFERENCES "users_user" ("id") DEFERRABLE INITIALLY DEFERRED, "group_id" integer NOT NULL REFERENCES "auth_group" ("id") DEFERRABLE INITIALLY DEFERRED);
CREATE TABLE IF NOT EXISTS "users_user_user_permissions" ("id" integer NOT NULL PRIMARY KEY AUTOINCREMENT, "user_id" integer NOT NULL REFERENCES "users_user" ("id") DEFERRABLE INITIALLY DEFERRED, "permission_id" integer NOT NULL REFERENCES "auth_permission" ("id") DEFERRABLE INITIALLY DEFERRED);
CREATE TABLE IF NOT EXISTS "django_admin_log" ("id" integer NOT NULL PRIMARY KEY AUTOINCREMENT, "action_time" datetime NOT NULL, "object_id" text NULL, "object_repr" varchar(200) NOT NULL, "change_message" text NOT NULL, "content_type_id" integer NULL REFERENCES "django_content_type" ("id") DEFERRABLE INITIALLY DEFERRED, "user_id" integer NOT NULL REFERENCES "users_user" ("id") DEFERRABLE INITIALLY DEFERRED, "action_flag" smallint unsigned NOT NULL CHECK ("action_flag" >= 0));
INSERT INTO django_admin_log VALUES(1,'2020-11-08 22:48:07.048777','1','Cyber Monday','[{"added": {}}]',8,1,1);
INSERT INTO django_admin_log VALUES(2,'2020-11-08 22:48:50.781861','2','Data Base','[{"added": {}}]',8,1,1);
INSERT INTO django_admin_log VALUES(3,'2020-11-08 22:49:26.139116','3','Library','[{"added": {}}]',8,1,1);
INSERT INTO django_admin_log VALUES(4,'2020-11-08 22:50:01.787845','4','UI/UX Design','[{"added": {}}]',8,1,1);
INSERT INTO django_admin_log VALUES(5,'2020-11-08 22:50:35.760260','1','Sale object (1)','[{"added": {}}]',7,1,1);
INSERT INTO django_admin_log VALUES(6,'2020-11-08 22:50:52.587548','2','Sale object (2)','[{"added": {}}]',7,1,1);
INSERT INTO django_admin_log VALUES(7,'2020-11-08 22:51:13.622803','3','Sale object (3)','[{"added": {}}]',7,1,1);
INSERT INTO django_admin_log VALUES(8,'2020-11-09 23:25:56.465916','5','Tool Kit','[{"added": {}}]',8,1,1);
INSERT INTO django_admin_log VALUES(9,'2020-11-09 23:26:35.345601','6','Booster','[{"added": {}}]',8,1,1);
INSERT INTO django_admin_log VALUES(10,'2020-11-13 13:17:52.942969','3','Sale object (3)','[{"changed": {"fields": ["User"]}}]',7,1,2);
INSERT INTO django_admin_log VALUES(11,'2020-11-13 13:37:57.539890','1','buru.aoshin@gmail.com','[]',6,1,2);
INSERT INTO django_admin_log VALUES(12,'2020-11-13 13:48:16.031880','1','buru.aoshin@gmail.com','[]',6,1,2);
INSERT INTO django_admin_log VALUES(13,'2020-11-30 13:48:21.061949','7','World Wide Access','[{"added": {}}]',8,1,1);
INSERT INTO django_admin_log VALUES(14,'2020-11-30 13:50:12.149001','8','Macbook Air','[{"added": {}}]',8,1,1);
INSERT INTO django_admin_log VALUES(15,'2020-11-30 13:52:47.409203','9','Security-Key','[{"added": {}}]',8,1,1);
INSERT INTO django_admin_log VALUES(16,'2020-12-01 11:47:49.677721','10','Moon Shot','[{"added": {}}]',8,1,1);
INSERT INTO django_admin_log VALUES(17,'2020-12-01 11:49:34.480965','11','Lesson','[{"added": {}}]',8,1,1);
INSERT INTO django_admin_log VALUES(18,'2020-12-01 11:51:16.131227','12','Improve Team Performance','[{"added": {}}]',8,1,1);
INSERT INTO django_admin_log VALUES(19,'2020-12-19 01:47:46.353135','13','Server Check Easily','[{"added": {}}]',8,1,1);
INSERT INTO django_admin_log VALUES(20,'2020-12-19 01:49:04.503475','14','fly away with Twitter','[{"added": {}}]',8,1,1);
INSERT INTO django_admin_log VALUES(21,'2020-12-19 01:49:22.844921','14','fly away with Twitter','',8,1,3);
INSERT INTO django_admin_log VALUES(22,'2020-12-19 01:50:55.068901','15','VR Gpggles','[{"added": {}}]',8,1,1);
INSERT INTO django_admin_log VALUES(23,'2020-12-19 01:52:40.031342','16','Make You Top Sales','[{"added": {}}]',8,1,1);
INSERT INTO django_admin_log VALUES(24,'2020-12-19 15:17:19.797792','1','Cyber Monday','[{"changed": {"fields": ["Description"]}}]',8,1,2);
INSERT INTO django_admin_log VALUES(25,'2020-12-19 15:17:25.034326','2','Data Base','[{"changed": {"fields": ["Description"]}}]',8,1,2);
INSERT INTO django_admin_log VALUES(26,'2020-12-19 15:17:29.800768','3','Library','[{"changed": {"fields": ["Description"]}}]',8,1,2);
INSERT INTO django_admin_log VALUES(27,'2020-12-19 15:17:35.064378','4','UI/UX Design','[{"changed": {"fields": ["Description"]}}]',8,1,2);
INSERT INTO django_admin_log VALUES(28,'2020-12-19 15:17:39.449486','5','Tool Kit','[]',8,1,2);
INSERT INTO django_admin_log VALUES(29,'2020-12-19 15:17:42.745056','6','Booster','[]',8,1,2);
INSERT INTO django_admin_log VALUES(30,'2020-12-19 15:17:45.419823','7','World Wide Access','[]',8,1,2);
INSERT INTO django_admin_log VALUES(31,'2020-12-28 11:47:55.690960','4','hogerun@gmail.com','',6,1,3);
INSERT INTO django_admin_log VALUES(32,'2020-12-28 11:48:01.609370','2','hogemaru@gmail.com','',6,1,3);
CREATE TABLE IF NOT EXISTS "django_session" ("session_key" varchar(40) NOT NULL PRIMARY KEY, "session_data" text NOT NULL, "expire_date" datetime NOT NULL);
INSERT INTO django_session VALUES('d96o37mdograbt2qsg7b6it4lkw4cdmt','ODNmODc0MjQwNmQyNGQxZjExOWVmYjFjZTdlNWVjYzg5N2Q5ODBjOTp7Il9hdXRoX3VzZXJfaWQiOiIxIiwiX2F1dGhfdXNlcl9iYWNrZW5kIjoiZGphbmdvLmNvbnRyaWIuYXV0aC5iYWNrZW5kcy5Nb2RlbEJhY2tlbmQiLCJfYXV0aF91c2VyX2hhc2giOiIwNTYyMzIyNGYyZjllMWM1NmUxNDU5M2ZmZjhkNDcyZWQxYmNmYzdlIn0=','2020-11-24 23:20:25.478250');
INSERT INTO django_session VALUES('9dnpwrkzl0ge50jurhh1dqil8oj0iniz','ODNmODc0MjQwNmQyNGQxZjExOWVmYjFjZTdlNWVjYzg5N2Q5ODBjOTp7Il9hdXRoX3VzZXJfaWQiOiIxIiwiX2F1dGhfdXNlcl9iYWNrZW5kIjoiZGphbmdvLmNvbnRyaWIuYXV0aC5iYWNrZW5kcy5Nb2RlbEJhY2tlbmQiLCJfYXV0aF91c2VyX2hhc2giOiIwNTYyMzIyNGYyZjllMWM1NmUxNDU5M2ZmZjhkNDcyZWQxYmNmYzdlIn0=','2020-11-29 14:52:05.899625');
INSERT INTO django_session VALUES('ksnqxbfrepamy5fbln9g7cses4a50t64','ODNmODc0MjQwNmQyNGQxZjExOWVmYjFjZTdlNWVjYzg5N2Q5ODBjOTp7Il9hdXRoX3VzZXJfaWQiOiIxIiwiX2F1dGhfdXNlcl9iYWNrZW5kIjoiZGphbmdvLmNvbnRyaWIuYXV0aC5iYWNrZW5kcy5Nb2RlbEJhY2tlbmQiLCJfYXV0aF91c2VyX2hhc2giOiIwNTYyMzIyNGYyZjllMWM1NmUxNDU5M2ZmZjhkNDcyZWQxYmNmYzdlIn0=','2020-12-16 16:00:19.154956');
INSERT INTO django_session VALUES('xpdx2rdkr3qoph161svq11ni18gdeuwf','ODNmODc0MjQwNmQyNGQxZjExOWVmYjFjZTdlNWVjYzg5N2Q5ODBjOTp7Il9hdXRoX3VzZXJfaWQiOiIxIiwiX2F1dGhfdXNlcl9iYWNrZW5kIjoiZGphbmdvLmNvbnRyaWIuYXV0aC5iYWNrZW5kcy5Nb2RlbEJhY2tlbmQiLCJfYXV0aF91c2VyX2hhc2giOiIwNTYyMzIyNGYyZjllMWM1NmUxNDU5M2ZmZjhkNDcyZWQxYmNmYzdlIn0=','2020-12-20 09:19:28.333804');
INSERT INTO django_session VALUES('1ajg3dme3o52zk7s7wf7yg1rbt00mdyo','ODNmODc0MjQwNmQyNGQxZjExOWVmYjFjZTdlNWVjYzg5N2Q5ODBjOTp7Il9hdXRoX3VzZXJfaWQiOiIxIiwiX2F1dGhfdXNlcl9iYWNrZW5kIjoiZGphbmdvLmNvbnRyaWIuYXV0aC5iYWNrZW5kcy5Nb2RlbEJhY2tlbmQiLCJfYXV0aF91c2VyX2hhc2giOiIwNTYyMzIyNGYyZjllMWM1NmUxNDU5M2ZmZjhkNDcyZWQxYmNmYzdlIn0=','2020-12-30 13:35:13.450742');
INSERT INTO django_session VALUES('v9rxqzwzwi7wazrvi9smh76k7g3cjzvn','ODNmODc0MjQwNmQyNGQxZjExOWVmYjFjZTdlNWVjYzg5N2Q5ODBjOTp7Il9hdXRoX3VzZXJfaWQiOiIxIiwiX2F1dGhfdXNlcl9iYWNrZW5kIjoiZGphbmdvLmNvbnRyaWIuYXV0aC5iYWNrZW5kcy5Nb2RlbEJhY2tlbmQiLCJfYXV0aF91c2VyX2hhc2giOiIwNTYyMzIyNGYyZjllMWM1NmUxNDU5M2ZmZjhkNDcyZWQxYmNmYzdlIn0=','2021-01-02 07:17:06.391484');
INSERT INTO django_session VALUES('9fadklwthjnqyaloczwiz1m9604hfno6','NmQ2NTcwM2RmODMyM2FiMGUzNzE5OWZjNzY3M2RiNzVmYTNiNzhjZDp7Imdvb2dsZS1vYXV0aDJfc3RhdGUiOiJuU1dyaEs5cXJ3SE1icVRJMmpYY3l0Qmc0Z2ZSbERzQyIsIl9hdXRoX3VzZXJfaWQiOiIxIiwiX2F1dGhfdXNlcl9iYWNrZW5kIjoic29jaWFsX2NvcmUuYmFja2VuZHMuZ29vZ2xlLkdvb2dsZU9BdXRoMiIsIl9hdXRoX3VzZXJfaGFzaCI6IjBjOTE1OGRmNGZkOGYwOTA2MWUxNmE2MDQyNmNkMGRhODUwYTEyMDAiLCJzb2NpYWxfYXV0aF9sYXN0X2xvZ2luX2JhY2tlbmQiOiJnb29nbGUtb2F1dGgyIn0=','2021-01-02 10:10:17.764750');
INSERT INTO django_session VALUES('bkp92v5gzhhjqce7njnlgsa1rn4sq9e7','YjI3ZWY3ODliMTRmYTc3Y2I4NDExOWNiOTNlZGFkMzkwYWIyZDljMzp7Il9hdXRoX3VzZXJfaWQiOiIxIiwiX2F1dGhfdXNlcl9iYWNrZW5kIjoiZGphbmdvLmNvbnRyaWIuYXV0aC5iYWNrZW5kcy5Nb2RlbEJhY2tlbmQiLCJfYXV0aF91c2VyX2hhc2giOiIwYzkxNThkZjRmZDhmMDkwNjFlMTZhNjA0MjZjZDBkYTg1MGExMjAwIn0=','2021-01-02 13:43:48.840968');
INSERT INTO django_session VALUES('896v15pq5awdct7gn8bbdt1tq6vysxv6','NGViNzUyZmVkOTg4NGIwODQ1N2E5MmZjMTRkODVmOTVkM2I3OTI1NTp7Il9hdXRoX3VzZXJfaWQiOiIxIiwiX2F1dGhfdXNlcl9iYWNrZW5kIjoiZGphbmdvLmNvbnRyaWIuYXV0aC5iYWNrZW5kcy5Nb2RlbEJhY2tlbmQiLCJfYXV0aF91c2VyX2hhc2giOiI1MGE2MGY1ZTk5NmJlN2JjMjhiMmM0OGY4MjdlZTA4MTdhN2YxNTQwIn0=','2021-01-02 15:57:42.617257');
INSERT INTO django_session VALUES('pii8eohshz6riq2oda3w4qyuhthp3m2d','NGViNzUyZmVkOTg4NGIwODQ1N2E5MmZjMTRkODVmOTVkM2I3OTI1NTp7Il9hdXRoX3VzZXJfaWQiOiIxIiwiX2F1dGhfdXNlcl9iYWNrZW5kIjoiZGphbmdvLmNvbnRyaWIuYXV0aC5iYWNrZW5kcy5Nb2RlbEJhY2tlbmQiLCJfYXV0aF91c2VyX2hhc2giOiI1MGE2MGY1ZTk5NmJlN2JjMjhiMmM0OGY4MjdlZTA4MTdhN2YxNTQwIn0=','2021-01-09 04:27:31.575287');
INSERT INTO django_session VALUES('sq82xo7razdry67xlswygkgxd5l88b8p','NGViNzUyZmVkOTg4NGIwODQ1N2E5MmZjMTRkODVmOTVkM2I3OTI1NTp7Il9hdXRoX3VzZXJfaWQiOiIxIiwiX2F1dGhfdXNlcl9iYWNrZW5kIjoiZGphbmdvLmNvbnRyaWIuYXV0aC5iYWNrZW5kcy5Nb2RlbEJhY2tlbmQiLCJfYXV0aF91c2VyX2hhc2giOiI1MGE2MGY1ZTk5NmJlN2JjMjhiMmM0OGY4MjdlZTA4MTdhN2YxNTQwIn0=','2021-01-09 10:41:56.302151');
INSERT INTO django_session VALUES('b59t42p302x75dzpx85ga4qzuvlt270z','NGViNzUyZmVkOTg4NGIwODQ1N2E5MmZjMTRkODVmOTVkM2I3OTI1NTp7Il9hdXRoX3VzZXJfaWQiOiIxIiwiX2F1dGhfdXNlcl9iYWNrZW5kIjoiZGphbmdvLmNvbnRyaWIuYXV0aC5iYWNrZW5kcy5Nb2RlbEJhY2tlbmQiLCJfYXV0aF91c2VyX2hhc2giOiI1MGE2MGY1ZTk5NmJlN2JjMjhiMmM0OGY4MjdlZTA4MTdhN2YxNTQwIn0=','2021-01-09 10:42:03.551174');
INSERT INTO django_session VALUES('jzqkdwgjrwwt5m02a0yurkd9sxeetpry','NGViNzUyZmVkOTg4NGIwODQ1N2E5MmZjMTRkODVmOTVkM2I3OTI1NTp7Il9hdXRoX3VzZXJfaWQiOiIxIiwiX2F1dGhfdXNlcl9iYWNrZW5kIjoiZGphbmdvLmNvbnRyaWIuYXV0aC5iYWNrZW5kcy5Nb2RlbEJhY2tlbmQiLCJfYXV0aF91c2VyX2hhc2giOiI1MGE2MGY1ZTk5NmJlN2JjMjhiMmM0OGY4MjdlZTA4MTdhN2YxNTQwIn0=','2021-01-09 10:51:47.663412');
INSERT INTO django_session VALUES('6dzcow2dyfxe0pokitnmtnrpuqud1ryn','NGViNzUyZmVkOTg4NGIwODQ1N2E5MmZjMTRkODVmOTVkM2I3OTI1NTp7Il9hdXRoX3VzZXJfaWQiOiIxIiwiX2F1dGhfdXNlcl9iYWNrZW5kIjoiZGphbmdvLmNvbnRyaWIuYXV0aC5iYWNrZW5kcy5Nb2RlbEJhY2tlbmQiLCJfYXV0aF91c2VyX2hhc2giOiI1MGE2MGY1ZTk5NmJlN2JjMjhiMmM0OGY4MjdlZTA4MTdhN2YxNTQwIn0=','2021-01-09 10:52:09.107181');
INSERT INTO django_session VALUES('f65h3pgj0d61wya45rl51zuvavxb9nod','NGViNzUyZmVkOTg4NGIwODQ1N2E5MmZjMTRkODVmOTVkM2I3OTI1NTp7Il9hdXRoX3VzZXJfaWQiOiIxIiwiX2F1dGhfdXNlcl9iYWNrZW5kIjoiZGphbmdvLmNvbnRyaWIuYXV0aC5iYWNrZW5kcy5Nb2RlbEJhY2tlbmQiLCJfYXV0aF91c2VyX2hhc2giOiI1MGE2MGY1ZTk5NmJlN2JjMjhiMmM0OGY4MjdlZTA4MTdhN2YxNTQwIn0=','2021-01-09 10:52:34.753215');
INSERT INTO django_session VALUES('xwapoec7vxim5cvf7zgwd47e6u0uabcy','NGViNzUyZmVkOTg4NGIwODQ1N2E5MmZjMTRkODVmOTVkM2I3OTI1NTp7Il9hdXRoX3VzZXJfaWQiOiIxIiwiX2F1dGhfdXNlcl9iYWNrZW5kIjoiZGphbmdvLmNvbnRyaWIuYXV0aC5iYWNrZW5kcy5Nb2RlbEJhY2tlbmQiLCJfYXV0aF91c2VyX2hhc2giOiI1MGE2MGY1ZTk5NmJlN2JjMjhiMmM0OGY4MjdlZTA4MTdhN2YxNTQwIn0=','2021-01-09 11:29:02.391479');
INSERT INTO django_session VALUES('2u8yjjkb3z1sxjeen46bdp6ig2ewqox0','NGViNzUyZmVkOTg4NGIwODQ1N2E5MmZjMTRkODVmOTVkM2I3OTI1NTp7Il9hdXRoX3VzZXJfaWQiOiIxIiwiX2F1dGhfdXNlcl9iYWNrZW5kIjoiZGphbmdvLmNvbnRyaWIuYXV0aC5iYWNrZW5kcy5Nb2RlbEJhY2tlbmQiLCJfYXV0aF91c2VyX2hhc2giOiI1MGE2MGY1ZTk5NmJlN2JjMjhiMmM0OGY4MjdlZTA4MTdhN2YxNTQwIn0=','2021-01-10 04:01:16.628950');
INSERT INTO django_session VALUES('mzys24hjlvsgpbszz2og9xar1ah4widl','NGViNzUyZmVkOTg4NGIwODQ1N2E5MmZjMTRkODVmOTVkM2I3OTI1NTp7Il9hdXRoX3VzZXJfaWQiOiIxIiwiX2F1dGhfdXNlcl9iYWNrZW5kIjoiZGphbmdvLmNvbnRyaWIuYXV0aC5iYWNrZW5kcy5Nb2RlbEJhY2tlbmQiLCJfYXV0aF91c2VyX2hhc2giOiI1MGE2MGY1ZTk5NmJlN2JjMjhiMmM0OGY4MjdlZTA4MTdhN2YxNTQwIn0=','2021-01-10 04:01:57.431339');
INSERT INTO django_session VALUES('eiyx0ed5ygw358c50uodkdtfhn25hfi1','NGViNzUyZmVkOTg4NGIwODQ1N2E5MmZjMTRkODVmOTVkM2I3OTI1NTp7Il9hdXRoX3VzZXJfaWQiOiIxIiwiX2F1dGhfdXNlcl9iYWNrZW5kIjoiZGphbmdvLmNvbnRyaWIuYXV0aC5iYWNrZW5kcy5Nb2RlbEJhY2tlbmQiLCJfYXV0aF91c2VyX2hhc2giOiI1MGE2MGY1ZTk5NmJlN2JjMjhiMmM0OGY4MjdlZTA4MTdhN2YxNTQwIn0=','2021-01-10 04:02:37.833185');
INSERT INTO django_session VALUES('945wa5nkcxi3trvw4zrn84uejz8xyi6i','OWJmYWI3NDYyMWY2MjlmYjFkMmY4NDI5ZDgyMTFjYjI2ZDc3ZTg5NTp7Il9hdXRoX3VzZXJfaWQiOiIxIiwiX2F1dGhfdXNlcl9iYWNrZW5kIjoiZGphbmdvLmNvbnRyaWIuYXV0aC5iYWNrZW5kcy5Nb2RlbEJhY2tlbmQiLCJfYXV0aF91c2VyX2hhc2giOiIxNjQyZDhiOGY0MWFiMzY3MjBhMWJkOTkwNTYxMTEwMzgyZDc5YjAwIn0=','2021-01-11 12:00:53.210830');
CREATE TABLE IF NOT EXISTS "app_product" ("id" integer NOT NULL PRIMARY KEY AUTOINCREMENT, "name" varchar(100) NOT NULL, "description" text NOT NULL, "price" integer unsigned NOT NULL CHECK ("price" >= 0), "image" varchar(100) NOT NULL);
INSERT INTO app_product VALUES(1,'Cyber Monday','',500,'product/Cyber_Monday-pana.png');
INSERT INTO app_product VALUES(2,'Data Base','',700,'product/Features_Overview-rafiki.png');
INSERT INTO app_product VALUES(3,'Library','',300,'product/Product_hunt-rafiki.png');
INSERT INTO app_product VALUES(4,'UI/UX Design','',200,'product/Product_teardown-amico.png');
INSERT INTO app_product VALUES(5,'Tool Kit','you can use lots of useful tools with one package',500,'product/Product_teardown-bro.png');
INSERT INTO app_product VALUES(6,'Booster','boost your coding',100,'product/Market_launch-pana.png');
INSERT INTO app_product VALUES(7,'World Wide Access','',1000,'product/world_connection_.png');
INSERT INTO app_product VALUES(8,'Macbook Air','',1700,'product/macbook.png');
INSERT INTO app_product VALUES(9,'Security-Key','',300,'product/Security-cuate.png');
INSERT INTO app_product VALUES(10,'Moon Shot','',300,'product/Launching-cuate.png');
INSERT INTO app_product VALUES(11,'Lesson','',1000,'product/Teaching-cuate.png');
INSERT INTO app_product VALUES(12,'Improve Team Performance','',750,'product/Connecting_teams-bro.png');
INSERT INTO app_product VALUES(13,'Server Check Easily','',150,'product/Server_status-pana.png');
INSERT INTO app_product VALUES(15,'VR Gpggles','',2000,'product/Virtual_reality-pana.png');
INSERT INTO app_product VALUES(16,'Make You Top Sales','',1300,'product/Career_progress-pana.png');
CREATE TABLE IF NOT EXISTS "users_user_fav_products" ("id" integer NOT NULL PRIMARY KEY AUTOINCREMENT, "user_id" integer NOT NULL REFERENCES "users_user" ("id") DEFERRABLE INITIALLY DEFERRED, "product_id" integer NOT NULL REFERENCES "app_product" ("id") DEFERRABLE INITIALLY DEFERRED);
INSERT INTO users_user_fav_products VALUES(4,1,8);
INSERT INTO users_user_fav_products VALUES(7,1,11);
INSERT INTO users_user_fav_products VALUES(8,1,16);
CREATE TABLE IF NOT EXISTS "social_auth_association" ("id" integer NOT NULL PRIMARY KEY AUTOINCREMENT, "server_url" varchar(255) NOT NULL, "handle" varchar(255) NOT NULL, "secret" varchar(255) NOT NULL, "issued" integer NOT NULL, "lifetime" integer NOT NULL, "assoc_type" varchar(64) NOT NULL);
CREATE TABLE IF NOT EXISTS "social_auth_nonce" ("id" integer NOT NULL PRIMARY KEY AUTOINCREMENT, "server_url" varchar(255) NOT NULL, "timestamp" integer NOT NULL, "salt" varchar(65) NOT NULL);
CREATE TABLE IF NOT EXISTS "social_auth_code" ("id" integer NOT NULL PRIMARY KEY AUTOINCREMENT, "email" varchar(254) NOT NULL, "code" varchar(32) NOT NULL, "verified" bool NOT NULL, "timestamp" datetime NOT NULL);
CREATE TABLE IF NOT EXISTS "social_auth_partial" ("id" integer NOT NULL PRIMARY KEY AUTOINCREMENT, "token" varchar(32) NOT NULL, "next_step" smallint unsigned NOT NULL CHECK ("next_step" >= 0), "backend" varchar(32) NOT NULL, "data" text NOT NULL, "timestamp" datetime NOT NULL);
CREATE TABLE IF NOT EXISTS "social_auth_usersocialauth" ("id" integer NOT NULL PRIMARY KEY AUTOINCREMENT, "provider" varchar(32) NOT NULL, "extra_data" text NOT NULL, "user_id" integer NOT NULL REFERENCES "users_user" ("id") DEFERRABLE INITIALLY DEFERRED, "created" datetime NOT NULL, "modified" datetime NOT NULL, "uid" varchar(255) NOT NULL);
INSERT INTO social_auth_usersocialauth VALUES(1,'google-oauth2','{"auth_time": 1608372455, "expires": 3599, "token_type": "Bearer", "access_token": "ya29.a0AfH6SMA3musFaagu5UJSRb6oIYAw3_6j22vG-W6PGSur-cCETmV0eENY-VS9S7dIQviprOyt52O7PsSBII0gxphkIdBZJZ5bEkqA78HoSpHe-07l8KOY4FP_tuCiGzeTa3gwVpExdNLhH6WTTLIvAh7Fbe-whueTD5LNU3U0qwE"}',1,'2020-12-17 13:42:53.906532','2020-12-19 10:07:35.271240','buru.aoshin@gmail.com');
CREATE TABLE IF NOT EXISTS "app_sale" ("id" integer NOT NULL PRIMARY KEY AUTOINCREMENT, "amount" integer unsigned NOT NULL CHECK ("amount" >= 0), "price" integer unsigned NOT NULL CHECK ("price" >= 0), "created_at" datetime NOT NULL, "product_id" integer NOT NULL REFERENCES "app_product" ("id") DEFERRABLE INITIALLY DEFERRED, "user_id" integer NOT NULL REFERENCES "users_user" ("id") DEFERRABLE INITIALLY DEFERRED, "total_price" integer unsigned NOT NULL CHECK ("total_price" >= 0));
INSERT INTO app_sale VALUES(1,1,500,'2020-11-08 22:50:35.758965',1,1,500);
INSERT INTO app_sale VALUES(2,1,200,'2020-11-08 22:50:52.586741',3,1,200);
INSERT INTO app_sale VALUES(3,1,700,'2020-11-13 13:17:52.941778',2,1,700);
CREATE TABLE IF NOT EXISTS "users_user" ("id" integer NOT NULL PRIMARY KEY AUTOINCREMENT, "password" varchar(128) NOT NULL, "last_login" datetime NULL, "is_superuser" bool NOT NULL, "email" varchar(254) NOT NULL UNIQUE, "is_staff" bool NOT NULL, "is_active" bool NOT NULL, "date_joined" datetime NOT NULL, "point" integer unsigned NOT NULL CHECK ("point" >= 0));
INSERT INTO users_user VALUES(1,'pbkdf2_sha256$180000$7gpburtQjQyB$FTnh503rBAQeLxw4S4XDZlxi+QZx9OVlHGIp9i1GHVc=','2020-12-28 11:47:41.935862',1,'buru.aoshin@gmail.com',1,1,'2020-11-08 06:54:42',50000);
INSERT INTO users_user VALUES(3,'pbkdf2_sha256$180000$t472Zh58c8uT$hKroCon2+MqR4LzeGI89kyKzILFHW0V5jcoSobOc+Fo=','2020-12-16 13:33:38.348006',0,'hoge@gmail.com',0,1,'2020-12-16 13:33:38.143890',10000);
DELETE FROM sqlite_sequence;
INSERT INTO sqlite_sequence VALUES('django_migrations',44);
INSERT INTO sqlite_sequence VALUES('django_content_type',13);
INSERT INTO sqlite_sequence VALUES('auth_permission',52);
INSERT INTO sqlite_sequence VALUES('auth_group',0);
INSERT INTO sqlite_sequence VALUES('django_admin_log',32);
INSERT INTO sqlite_sequence VALUES('app_product',16);
INSERT INTO sqlite_sequence VALUES('social_auth_code',0);
INSERT INTO sqlite_sequence VALUES('social_auth_partial',0);
INSERT INTO sqlite_sequence VALUES('social_auth_usersocialauth',1);
INSERT INTO sqlite_sequence VALUES('app_sale',3);
INSERT INTO sqlite_sequence VALUES('users_user',4);
INSERT INTO sqlite_sequence VALUES('users_user_fav_products',10);
CREATE UNIQUE INDEX "django_content_type_app_label_model_76bd3d3b_uniq" ON "django_content_type" ("app_label", "model");
CREATE UNIQUE INDEX "auth_group_permissions_group_id_permission_id_0cd325b0_uniq" ON "auth_group_permissions" ("group_id", "permission_id");
CREATE INDEX "auth_group_permissions_group_id_b120cbf9" ON "auth_group_permissions" ("group_id");
CREATE INDEX "auth_group_permissions_permission_id_84c5c92e" ON "auth_group_permissions" ("permission_id");
CREATE UNIQUE INDEX "auth_permission_content_type_id_codename_01ab375a_uniq" ON "auth_permission" ("content_type_id", "codename");
CREATE INDEX "auth_permission_content_type_id_2f476e4b" ON "auth_permission" ("content_type_id");
CREATE UNIQUE INDEX "users_user_groups_user_id_group_id_b88eab82_uniq" ON "users_user_groups" ("user_id", "group_id");
CREATE INDEX "users_user_groups_user_id_5f6f5a90" ON "users_user_groups" ("user_id");
CREATE INDEX "users_user_groups_group_id_9afc8d0e" ON "users_user_groups" ("group_id");
CREATE UNIQUE INDEX "users_user_user_permissions_user_id_permission_id_43338c45_uniq" ON "users_user_user_permissions" ("user_id", "permission_id");
CREATE INDEX "users_user_user_permissions_user_id_20aca447" ON "users_user_user_permissions" ("user_id");
CREATE INDEX "users_user_user_permissions_permission_id_0b93982e" ON "users_user_user_permissions" ("permission_id");
CREATE INDEX "django_admin_log_content_type_id_c4bce8eb" ON "django_admin_log" ("content_type_id");
CREATE INDEX "django_admin_log_user_id_c564eba6" ON "django_admin_log" ("user_id");
CREATE INDEX "django_session_expire_date_a5c62663" ON "django_session" ("expire_date");
CREATE UNIQUE INDEX "users_user_fav_products_user_id_product_id_5bba9d15_uniq" ON "users_user_fav_products" ("user_id", "product_id");
CREATE INDEX "users_user_fav_products_user_id_9e583aa3" ON "users_user_fav_products" ("user_id");
CREATE INDEX "users_user_fav_products_product_id_15263b54" ON "users_user_fav_products" ("product_id");
CREATE UNIQUE INDEX "social_auth_nonce_server_url_timestamp_salt_f6284463_uniq" ON "social_auth_nonce" ("server_url", "timestamp", "salt");
CREATE UNIQUE INDEX "social_auth_association_server_url_handle_078befa2_uniq" ON "social_auth_association" ("server_url", "handle");
CREATE UNIQUE INDEX "social_auth_code_email_code_801b2d02_uniq" ON "social_auth_code" ("email", "code");
CREATE INDEX "social_auth_code_code_a2393167" ON "social_auth_code" ("code");
CREATE INDEX "social_auth_code_timestamp_176b341f" ON "social_auth_code" ("timestamp");
CREATE INDEX "social_auth_partial_token_3017fea3" ON "social_auth_partial" ("token");
CREATE INDEX "social_auth_partial_timestamp_50f2119f" ON "social_auth_partial" ("timestamp");
CREATE UNIQUE INDEX "social_auth_usersocialauth_provider_uid_e6b5e668_uniq" ON "social_auth_usersocialauth" ("provider", "uid");
CREATE INDEX "social_auth_usersocialauth_user_id_17d28448" ON "social_auth_usersocialauth" ("user_id");
CREATE INDEX "social_auth_usersocialauth_uid_796e51dc" ON "social_auth_usersocialauth" ("uid");
CREATE INDEX "app_sale_product_id_b96488e6" ON "app_sale" ("product_id");
CREATE INDEX "app_sale_user_id_7ac8862f" ON "app_sale" ("user_id");
COMMIT;
